﻿{
  "dev": {
    "RedirectUrl": "https://localhost:44326/signin-oidc",
    "TenantId": "ed815121-cdfa-4097-b524-e2b23cd36eb6",
    "ClientSecret": "tJVQ,zpoj76G8%3arMPyN:5Y",
    "ClientId": "48f2c712-cf89-46e5-8dfb-6557121c6eb9",
    "Scope": "https://dnvglb2ctest.onmicrosoft.com/a4a8e726-c1cc-407c-83a0-4ce37f1ce130/user_impersonation",
    "Policy": "B2C_1A_SignInWithADFSIdp",
    "ResourceId": null,
    "ErrorPage": null,
    "LogoutUrl": null,
    "MyServicesApi": "https://myapiv3test.dnvgl.com/"
  }
}